candidate_email_address,applied_for
leo.martin@yandex.com,https://www.welcometothejungle.com/fr/companies/mes-allocs/jobs/bras-droit-ceo_paris
gabriel.legrand@gmx.com,https://www.welcometothejungle.com/fr/companies/work4/jobs/sdr-sales-development-representative-stage_paris
raphael.bernard@gmx.us,https://www.welcometothejungle.com/fr/companies/work4/jobs/product-management-associate_paris
jade.garnier@aol.com,https://www.welcometothejungle.com/fr/companies/work4/jobs/stage-customer-success-manager_paris
louise.dubois@icloud.com,https://www.welcometothejungle.com/fr/companies/work4/jobs/inside-sales_paris
arthur.faure@gmail.com,https://www.welcometothejungle.com/fr/companies/work4/jobs/account-executive_paris_WORK4_w0LmaRV
louis.thomas@gmx.com,https://www.welcometothejungle.com/fr/companies/work4/jobs/charge-de-gestion-comptable-et-financiere_paris
jules.rousseau@gmail.com,https://www.welcometothejungle.com/fr/companies/work4/jobs/sdr_paris
emma.robert@zoho.com,https://www.welcometothejungle.com/fr/companies/work4/jobs/assistant-traffic-manager-f-h_paris_WORK4_QKaQmKY
adam.blanc@protonmail.com,https://www.welcometothejungle.com/fr/companies/work4/jobs/business-developer_paris
lucas.richard@icloud.com,https://www.welcometothejungle.com/fr/companies/work4/jobs/assistant-traffic-manager-f-h_paris
hugo.guerin@gmail.com,https://www.welcometothejungle.com/fr/companies/work4/jobs/charge-administration-comptabilite-et-finance_paris
alice.petit@gmx.com,https://www.welcometothejungle.com/fr/companies/work4/jobs/stage-acquisition-growth_paris
noah.muller@outlook.com,https://www.welcometothejungle.com/fr/companies/work4/jobs/marketing-lead-emea_paris
ambre.durand@yahoo.com,https://www.welcometothejungle.com/fr/companies/work4/jobs/digital-marketing-bizdev-stage-pre-embauche_paris
liam.henry@yandex.com,https://www.welcometothejungle.com/fr/companies/work4/jobs/head-of-marketing-emea_paris
lina.leroy@yandex.com,https://www.welcometothejungle.com/fr/companies/work4/jobs/customer-operations-manager-pre-embauche_paris
gabin.roussel@gmx.com,https://www.welcometothejungle.com/fr/companies/work4/jobs/responsable-comptable-et-finance_paris
rose.moreau@zoho.com,https://www.welcometothejungle.com/fr/companies/work4/jobs/digital-marketing-business-development-stage-pre-embauche_paris_WORK4_DOPe5bG
chloe.nicolas@hotmail.com,https://www.welcometothejungle.com/fr/companies/work4/jobs/marketing-manager-emea_paris
sacha.simon@protonmail.com,https://www.welcometothejungle.com/fr/companies/work4/jobs/hr-manager_paris
paul.perrin@gmx.us,https://www.welcometothejungle.com/fr/companies/work4/jobs/business-development-representative-stage-fin-d-etude_paris
mia.laurent@gmx.com,https://www.welcometothejungle.com/fr/companies/edf-store-forecast/jobs/administrateur-systemes-et-bases-de-donnees-h-f_villeurbanne
lea.morin@gmx.us,https://www.welcometothejungle.com/fr/companies/wyca-robotics/jobs/ingenieur-commercial_toulouse
nathan.lefebvre@protonmail.com,https://www.welcometothejungle.com/fr/companies/wyca-robotics/jobs/chef-de-projet-confirme_toulouse
anna.mathieu@outlook.com,https://www.welcometothejungle.com/fr/companies/la-belle-assiette/jobs/operations-manager-french-speaking-internship_paris
mila.michel@gmail.com,https://www.welcometothejungle.com/fr/companies/alumnforce/jobs/developpeur-php-expert-full-remote-paris_paris
aaron.clement@gmx.us,https://www.welcometothejungle.com/fr/companies/alumnforce/jobs/lead-developpeur-php-js-data-paris_paris
mohamed.garcia@yandex.com,https://www.welcometothejungle.com/fr/companies/alumnforce/jobs/developpeur-front-end-oriente-industrialise-design-system-twig-js-vuejs-html5_paris
ethan.gauthier@gmx.us,https://www.welcometothejungle.com/fr/companies/alumnforce/jobs/developpeur-frontend-js-dom_paris
julia.david@yandex.com,https://www.welcometothejungle.com/fr/companies/toucan-toco/jobs/presales-solutions-engineer_boston
tom.dumont@outlook.com,https://www.welcometothejungle.com/fr/companies/toucan-toco/jobs/boston-project-manager-dataviz_boston
eden.bertrand@gmx.com,https://www.welcometothejungle.com/fr/companies/toucan-toco/jobs/boston-account-executive-pilot_boston
romy.lopez@zoho.com,https://www.welcometothejungle.com/fr/companies/toucan-toco/jobs/boston-sales-development-representative-outbound_boston
leon.roux@gmail.com,https://www.welcometothejungle.com/fr/companies/ledger/jobs/regional-technical-account-manager-united-states_paris
lou.fontaine@yandex.com,https://www.welcometothejungle.com/fr/companies/ledger/jobs/public-policy-director-us_new-york
tiago.vincent@gmx.us,https://www.welcometothejungle.com/fr/companies/ledger/jobs/head-of-communications-and-pr_new-york
ines.chevalier@yandex.com,https://www.welcometothejungle.com/fr/companies/ledger/jobs/account-manager-americas_paris
theo.fournier@icloud.com,https://www.welcometothejungle.com/fr/companies/sendinblue/jobs/bilingual-customer-success-manager-english-spanish_seattle
lena.robin@yahoo.com,https://www.welcometothejungle.com/fr/companies/sendinblue/jobs/customer-care-representative-italian_seattle
agathe.morel@yahoo.com,https://www.welcometothejungle.com/fr/companies/sendinblue/jobs/customer-care-representative_seattle_SENDI_8b2MM1V
isaac.masson@zoho.com,https://www.welcometothejungle.com/fr/companies/ab-tasty/jobs/sales-development-representative_paris_AT_qYLLpgj
juliette.girard@outlook.com,https://www.welcometothejungle.com/fr/companies/ab-tasty/jobs/pre-sales-engineer-flagship_new-york-city
marius.sanchez@hotmail.com,https://www.welcometothejungle.com/fr/companies/ab-tasty/jobs/account-executive-usa_paris
inaya.andre@yandex.com,https://www.welcometothejungle.com/fr/companies/ab-tasty/jobs/customer-marketing-manager_new-york-city
nina.gerard@aol.com,https://www.welcometothejungle.com/fr/companies/ab-tasty/jobs/content-marketing-manager-us_new-york-city
victor.lefevre@aol.com,https://www.welcometothejungle.com/fr/companies/ab-tasty/jobs/commercial-account-executive_paris
ayden.nguyen@gmx.us,https://www.welcometothejungle.com/fr/companies/ab-tasty/jobs/solutions-partner-manager-north-america_new-york-city
martin.mercier@hotmail.com,https://www.welcometothejungle.com/fr/companies/lumapps/jobs/sales-development-representative_austin
nael.boyer@protonmail.com,https://www.welcometothejungle.com/fr/companies/lumapps/jobs/senior-alliance-manager-isv_tassin-la-demi-lune
leo.dupont@outlook.com,https://www.welcometothejungle.com/fr/companies/lumapps/jobs/marketing-operations-specialist_austin
gabriel.denis@hotmail.com,https://www.welcometothejungle.com/fr/companies/lumapps/jobs/talent-acquisition-specialist_austin_LUMAP_D1mzJLM
raphael.lambert@gmx.com,https://www.welcometothejungle.com/fr/companies/mirakl/jobs/art-director_boston
jade.lemaire@hotmail.com,https://www.welcometothejungle.com/fr/companies/mirakl/jobs/business-consultant-b2b_boston
louise.bonnet@protonmail.com,https://www.welcometothejungle.com/fr/companies/mirakl/jobs/business-development-representative_boston_MIRAK_6ldLyjp
arthur.duval@protonmail.ch,https://www.welcometothejungle.com/fr/companies/mirakl/jobs/digital-marketing-manager_boston
louis.francois@protonmail.com,https://www.welcometothejungle.com/fr/companies/mirakl/jobs/enterprise-account-executive-central_boston_MIRAK_Oy8RVgP
jules.joly@icloud.com,https://www.welcometothejungle.com/fr/companies/mirakl/jobs/b2b-enterprise-account-executive-east_boston
emma.martinez@protonmail.ch,https://www.welcometothejungle.com/fr/companies/mirakl/jobs/senior-enterprise-account-executive-southeast_boston
adam.gautier@yahoo.com,https://www.welcometothejungle.com/fr/companies/mirakl/jobs/account-executive-west_boston
lucas.martin@yahoo.com,https://www.welcometothejungle.com/fr/companies/mirakl/jobs/manager-project-management-customer-success_boston
hugo.legrand@gmx.com,https://www.welcometothejungle.com/fr/companies/mirakl/jobs/marketplace-business-developer-client-enablement_boston
alice.bernard@outlook.com,https://www.welcometothejungle.com/fr/companies/mirakl/jobs/marketplace-business-developer-seller-acquisition_boston_MIRAK_r7ZeLQ0
noah.garnier@zoho.com,https://www.welcometothejungle.com/fr/companies/mirakl/jobs/senior-solution-engineer-west_paris
ambre.dubois@gmx.com,https://www.welcometothejungle.com/fr/companies/mirakl/jobs/product-manager_boston
liam.faure@gmx.us,https://www.welcometothejungle.com/fr/companies/mirakl/jobs/regional-vice-president-of-sales-east_paris
lina.thomas@icloud.com,https://www.welcometothejungle.com/fr/companies/mirakl/jobs/sales-enablement-director_boston
gabin.rousseau@hotmail.com,https://www.welcometothejungle.com/fr/companies/mirakl/jobs/senior-business-consultant_boston
rose.robert@aol.com,https://www.welcometothejungle.com/fr/companies/mirakl/jobs/senior-business-consultant-fashion-home-beauty_boston
chloe.blanc@yandex.com,https://www.welcometothejungle.com/fr/companies/mirakl/jobs/senior-business-consultant-b2b_boston
sacha.richard@yandex.com,https://www.welcometothejungle.com/fr/companies/mirakl/jobs/senior-business-development-representative_boston
paul.guerin@gmail.com,https://www.welcometothejungle.com/fr/companies/mirakl/jobs/senior-business-value-consultant-b2b_boston
mia.petit@gmail.com,https://www.welcometothejungle.com/fr/companies/mirakl/jobs/senior-partner-sales-manager-strategic-partnerships_boston
lea.muller@aol.com,https://www.welcometothejungle.com/fr/companies/mirakl/jobs/senior-people-operations-specialist_boston
nathan.durand@zoho.com,https://www.welcometothejungle.com/fr/companies/mirakl/jobs/senior-people-partner_boston
anna.henry@gmail.com,https://www.welcometothejungle.com/fr/companies/mirakl/jobs/senior-software-engineer_boston
mila.leroy@yandex.com,https://www.welcometothejungle.com/fr/companies/mirakl/jobs/senior-solution-consultant_boston_MIRAK_J2l8wbV
aaron.roussel@hotmail.com,https://www.welcometothejungle.com/fr/companies/mirakl/jobs/senior-solution-consultant-ecommerce-retail_boston
mohamed.moreau@outlook.com,https://www.welcometothejungle.com/fr/companies/mirakl/jobs/senior-talent-acquisition-specialist_boston_MIRAK_5pZPYRx
ethan.nicolas@protonmail.ch,https://www.welcometothejungle.com/fr/companies/mirakl/jobs/senior-talent-acquisition-specialist-gtm_boston
julia.simon@zoho.com,https://www.welcometothejungle.com/fr/companies/back-market/jobs/us-supply-operations-senior-lead_new-york
tom.perrin@hotmail.com,https://www.welcometothejungle.com/fr/companies/back-market/jobs/senior-seller-success-manager_new-york_BM_w9xR2QV
eden.laurent@aol.com,https://www.welcometothejungle.com/fr/companies/back-market/jobs/seo-project-manager-us_new-york
romy.morin@gmail.com,https://www.welcometothejungle.com/fr/companies/back-market/jobs/talent-acquisition-specialist-temporary-contract_new-york_BM_kM6A72W
leon.lefebvre@gmx.com,https://www.welcometothejungle.com/fr/companies/back-market/jobs/logistic-senior-manager-us_new-york
lou.mathieu@zoho.com,https://www.welcometothejungle.com/fr/companies/back-market/jobs/senior-crm-manager-u-s_new-york
tiago.michel@protonmail.com,https://www.welcometothejungle.com/fr/companies/back-market/jobs/senior-business-developer_new-york_BM_2GRm4Vj
ines.clement@yandex.com,https://www.welcometothejungle.com/fr/companies/back-market/jobs/seller-success-manager_new-york_BM_gPd5qOZ
theo.garcia@hotmail.com,https://www.welcometothejungle.com/fr/companies/back-market/jobs/project-manager-backrepair-u-s_new-york
lena.gauthier@protonmail.com,https://www.welcometothejungle.com/fr/companies/back-market/jobs/new-business-developer_new-york_BM_5ArDxyr
agathe.david@icloud.com,https://www.welcometothejungle.com/fr/companies/aircall/jobs/channel-partner-manager-french-speaking_new-york
isaac.dumont@gmx.us,https://www.welcometothejungle.com/fr/companies/aircall/jobs/account-executive-smb_new-york
juliette.bertrand@yahoo.com,https://www.welcometothejungle.com/fr/companies/aircall/jobs/senior-salesforce-alliance-manager_new-york
marius.lopez@outlook.com,https://www.welcometothejungle.com/fr/companies/ami-paris/jobs/sales-advisor-new-york-city_new-york
inaya.roux@zoho.com,https://www.welcometothejungle.com/fr/companies/akur8/jobs/us-insurance-pricing-expert_new-york
nina.fontaine@icloud.com,https://www.welcometothejungle.com/fr/companies/akur8/jobs/business-development-representative_new-york
victor.vincent@hotmail.com,https://www.welcometothejungle.com/fr/companies/akur8/jobs/us-client-executive-insurtech_new-york
ayden.chevalier@zoho.com,https://www.welcometothejungle.com/fr/companies/spotme/jobs/customer-education-manager_chicago
martin.fournier@gmail.com,https://www.welcometothejungle.com/fr/companies/spotme/jobs/event-coordinator-freelancer_chicago
nael.robin@hotmail.com,https://www.welcometothejungle.com/fr/companies/spotme/jobs/head-of-marketing_lausanne
zoe.morel@outlook.com,https://www.welcometothejungle.com/fr/companies/spotme/jobs/product-marketing-director_chicago
mathis.masson@outlook.com,https://www.welcometothejungle.com/fr/companies/spotme/jobs/live-stream-producer-freelancer_chicago
leonie.girard@icloud.com,https://www.welcometothejungle.com/fr/companies/spotme/jobs/project-manager_chicago
jeanne.sanchez@protonmail.com,https://www.welcometothejungle.com/fr/companies/spotme/jobs/sales-operations-manager_lausanne
axel.andre@outlook.com,https://www.welcometothejungle.com/fr/companies/spotme/jobs/solution-architect_lausanne
iris.gerard@gmail.com,https://www.welcometothejungle.com/fr/companies/openclassrooms/jobs/senior-counsel-privacy-compliance-h-f-x_new-york
eva.lefevre@outlook.com,https://www.welcometothejungle.com/fr/companies/openclassrooms/jobs/senior-account-executive-us-m-f-x_new-york
charlie.nguyen@outlook.com,https://www.welcometothejungle.com/fr/companies/openclassrooms/jobs/people-success-partner-hrbp-us-m-f-x_new-york
lola.mercier@zoho.com,https://www.welcometothejungle.com/fr/companies/openclassrooms/jobs/head-of-compensation-benefits-m-f-x_new-york
robin.boyer@hotmail.com,https://www.welcometothejungle.com/fr/companies/openclassrooms/jobs/talent-acquisition-partner-m-f-x_new-york
timeo.dupont@protonmail.ch,https://www.welcometothejungle.com/fr/companies/citizenlab/jobs/account-executive-us_new-york
enzo.denis@icloud.com,https://www.welcometothejungle.com/fr/companies/citizenlab/jobs/business-development-representative-bdr-us_new-york
marceau.lambert@protonmail.com,https://www.welcometothejungle.com/fr/companies/shipup/jobs/partnership-manager-north-america_brooklyn
adele.lemaire@outlook.com,https://www.welcometothejungle.com/fr/companies/convelio/jobs/talent-aquisition-specialist-full-remote-possible_new-york-city
victoire.bonnet@hotmail.com,https://www.welcometothejungle.com/fr/companies/convelio/jobs/supplier-performance-acquisition-manager_new-york-city
manon.duval@zoho.com,https://www.welcometothejungle.com/fr/companies/convelio/jobs/operations-analyst-customer-care-usa_new-york-city
luna.francois@yahoo.com,https://www.welcometothejungle.com/fr/companies/convelio/jobs/head-of-sales-usa_new-york-city
nino.joly@gmx.com,https://www.welcometothejungle.com/fr/companies/didomi/jobs/senior-product-manager-usa-remote_new-york
valentin.martinez@protonmail.com,https://www.welcometothejungle.com/fr/companies/didomi/jobs/sales-director-us_new-york_DIDOM_JZaMJAg
eliott.gautier@gmail.com,https://www.welcometothejungle.com/fr/companies/didomi/jobs/field-marketing-demand-generation-manager-us_new-york
camille.roger@yandex.com,https://www.welcometothejungle.com/fr/companies/didomi/jobs/customer-success-manager-us_new-york_DIDOM_Jwq1zww
romane.bourgeois@gmail.com,https://www.welcometothejungle.com/fr/companies/didomi/jobs/account-executive-us_paris
nolan.roche@gmx.us,https://www.welcometothejungle.com/fr/companies/blade-shadow/jobs/north-america-country-manager-m-f-x_mountain-view
malo.renaud@gmx.us,https://www.welcometothejungle.com/fr/companies/blade-shadow/jobs/us-community-manager-m-f_mountain-view
lucie.roy@gmx.us,https://www.welcometothejungle.com/fr/companies/playplay/jobs/talent-acquisition-recruiter-new-market_new-york
milo.lemoine@outlook.com,https://www.welcometothejungle.com/fr/companies/playplay/jobs/junior-business-development-representative_new-york
margaux.noel@hotmail.com,https://www.welcometothejungle.com/fr/companies/playplay/jobs/business-development-representative_new-york
antoine.picard@protonmail.com,https://www.welcometothejungle.com/fr/companies/playplay/jobs/account-executive_new-york
olivia.meyer@protonmail.com,https://www.welcometothejungle.com/fr/companies/contentsquare/jobs/vp-global-enablement_new-york
victoria.gaillard@protonmail.com,https://www.welcometothejungle.com/fr/companies/contentsquare/jobs/sr-abm-manager_san-francisco
samuel.lucas@protonmail.com,https://www.welcometothejungle.com/fr/companies/contentsquare/jobs/sr-abm-manager_new-york
alix.philippe@protonmail.ch,https://www.welcometothejungle.com/fr/companies/contentsquare/jobs/solutions-expert_san-francisco
louna.meunier@icloud.com,https://www.welcometothejungle.com/fr/companies/contentsquare/jobs/solutions-expert_new-york
augustin.leclercq@yahoo.com,https://www.welcometothejungle.com/fr/companies/contentsquare/jobs/solutions-consultant-west_san-francisco
mya.jean@protonmail.ch,https://www.welcometothejungle.com/fr/companies/contentsquare/jobs/solutions-consultant-east_atlanta
amir.lacroix@gmx.us,https://www.welcometothejungle.com/fr/companies/contentsquare/jobs/solutions-consultant-east_new-york
lyam.perez@outlook.com,https://www.welcometothejungle.com/fr/companies/contentsquare/jobs/solutions-consultant-east_washington
sofia.fabre@outlook.com,https://www.welcometothejungle.com/fr/companies/contentsquare/jobs/senior-web-developer-contentsquare-com_new-york
rayan.marchand@yahoo.com,https://www.welcometothejungle.com/fr/companies/contentsquare/jobs/senior-ux-researcher_new-york
charlotte.dupuis@aol.com,https://www.welcometothejungle.com/fr/companies/contentsquare/jobs/senior-strategic-account-manager-growth_new-york
yanis.dufour@gmail.com,https://www.welcometothejungle.com/fr/companies/contentsquare/jobs/senior-strategic-account-manager-growth_san-francisco
ibrahim.olivier@gmail.com,https://www.welcometothejungle.com/fr/companies/contentsquare/jobs/senior-strategic-account-manager-growth_atlanta
sarah.blanchard@outlook.com,https://www.welcometothejungle.com/fr/companies/contentsquare/jobs/senior-strategic-account-manager-growth_washington
gaspard.rodriguez@aol.com,https://www.welcometothejungle.com/fr/companies/contentsquare/jobs/senior-strategic-account-executive-new-business-west_san-francisco
giulia.marie@gmx.com,https://www.welcometothejungle.com/fr/companies/contentsquare/jobs/senior-strategic-account-executive-east_atlanta
lya.dasilva@aol.com,https://www.welcometothejungle.com/fr/companies/contentsquare/jobs/senior-seo-content-manager_new-york
margot.barbier@zoho.com,https://www.welcometothejungle.com/fr/companies/contentsquare/jobs/senior-implementation-team-manager-americas_new-york
nour.hubert@yahoo.com,https://www.welcometothejungle.com/fr/companies/contentsquare/jobs/senior-implementation-team-manager-americas_atlanta
sohan.brun@aol.com,https://www.welcometothejungle.com/fr/companies/contentsquare/jobs/senior-enterprise-account-manager-growth_washington
clement.louis@zoho.com,https://www.welcometothejungle.com/fr/companies/contentsquare/jobs/senior-enterprise-account-manager-growth_new-york
matheo.dumas@protonmail.com,https://www.welcometothejungle.com/fr/companies/contentsquare/jobs/senior-enterprise-account-manager-growth_san-francisco
baptiste.charles@yahoo.com,https://www.welcometothejungle.com/fr/companies/contentsquare/jobs/senior-enterprise-account-executive-new-business-west_san-francisco
simon.brunet@aol.com,https://www.welcometothejungle.com/fr/companies/contentsquare/jobs/senior-enterprise-account-executive-new-business-east_new-york
maxence.guillot@hotmail.com,https://www.welcometothejungle.com/fr/companies/contentsquare/jobs/senior-enterprise-account-executive-new-business-east_atlanta
imran.schmitt@hotmail.com,https://www.welcometothejungle.com/fr/companies/contentsquare/jobs/sales-development-representative_new-york
kais.riviere@gmail.com,https://www.welcometothejungle.com/fr/companies/contentsquare/jobs/product-onboarding-specialist_san-francisco
lyana.leroux@zoho.com,https://www.welcometothejungle.com/fr/companies/contentsquare/jobs/head-of-product-marketing-new-york_new-york
come.legall@gmx.com,https://www.welcometothejungle.com/fr/companies/contentsquare/jobs/head-of-portfolio-and-solutions-marketing-new-york_new-york
soan.colin@yandex.com,https://www.welcometothejungle.com/fr/companies/contentsquare/jobs/global-employee-brand-marketing-manager_san-francisco
capucine.guillaume@aol.com,https://www.welcometothejungle.com/fr/companies/contentsquare/jobs/global-employee-brand-marketing-manager_new-york
evan.fernandez@hotmail.com,https://www.welcometothejungle.com/fr/companies/contentsquare/jobs/enterprise-account-manager-growth_new-york
clemence.adam@yandex.com,https://www.welcometothejungle.com/fr/companies/contentsquare/jobs/director-of-sox_new-york
thea.pierre@hotmail.com,https://www.welcometothejungle.com/fr/companies/contentsquare/jobs/director-of-global-campaigns-marketing_new-york
maxime.rey@outlook.com,https://www.welcometothejungle.com/fr/companies/contentsquare/jobs/director-of-global-campaigns-marketing_san-francisco
camille.renard@protonmail.ch,https://www.welcometothejungle.com/fr/companies/contentsquare/jobs/customer-success-operations-analyst_washington_CONTE_05lPVNG
alexandre.moulin@yandex.com,https://www.welcometothejungle.com/fr/companies/contentsquare/jobs/customer-success-operations-analyst_washington
owen.arnaud@zoho.com,https://www.welcometothejungle.com/fr/companies/contentsquare/jobs/customer-success-operations-analyst_atlanta
elena.gonzalez@gmail.com,https://www.welcometothejungle.com/fr/companies/contentsquare/jobs/customer-experience-manager-us_new-york
alba.rolland@hotmail.com,https://www.welcometothejungle.com/fr/companies/contentsquare/jobs/campaign-marketing-manager_san-francisco
lenny.berger@icloud.com,https://www.welcometothejungle.com/fr/companies/multiverse/jobs/business-associate-coach-us-full-time-fully-remote_new-york
emy.caron@zoho.com,https://www.welcometothejungle.com/fr/companies/multiverse/jobs/community-events-producer-us_new-york
clara.lecomte@zoho.com,https://www.welcometothejungle.com/fr/companies/multiverse/jobs/community-outreach-manager_new-york
pablo.aubert@yahoo.com,https://www.welcometothejungle.com/fr/companies/multiverse/jobs/customer-success-executive_new-york
lana.menard@hotmail.com,https://www.welcometothejungle.com/fr/companies/multiverse/jobs/data-analytics-instructor-us-full-time-fully-remote_new-york
aya.giraud@protonmail.ch,https://www.welcometothejungle.com/fr/companies/multiverse/jobs/data-products-owner-north-america_new-york
leandre.fleury@protonmail.ch,https://www.welcometothejungle.com/fr/companies/multiverse/jobs/digital-marketing-instructor-us-full-time-fully-remote_new-york
naim.leclerc@zoho.com,https://www.welcometothejungle.com/fr/companies/multiverse/jobs/director-of-b2c-growth_new-york
lyna.deschamps@zoho.com,https://www.welcometothejungle.com/fr/companies/multiverse/jobs/director-of-learning-nyc-usa-preferred-or-london-possible_new-york
yasmine.vidal@hotmail.com,https://www.welcometothejungle.com/fr/companies/multiverse/jobs/director-of-us-program-operations_new-york
gabrielle.carpentier@gmail.com,https://www.welcometothejungle.com/fr/companies/multiverse/jobs/early-talent-crm-lead_new-york
ilyan.martin@aol.com,https://www.welcometothejungle.com/fr/companies/multiverse/jobs/enterprise-account-executive_new-york
thomas.legrand@outlook.com,https://www.welcometothejungle.com/fr/companies/multiverse/jobs/enterprise-customer-success-manager_new-york
alya.bernard@yandex.com,https://www.welcometothejungle.com/fr/companies/multiverse/jobs/enterprise-program-manager_new-york
joseph.garnier@aol.com,https://www.welcometothejungle.com/fr/companies/multiverse/jobs/instructional-leader-head-of-coaches_new-york
oscar.dubois@outlook.com,https://www.welcometothejungle.com/fr/companies/multiverse/jobs/head-of-communications-us_new-york
elio.faure@yahoo.com,https://www.welcometothejungle.com/fr/companies/multiverse/jobs/head-of-talent-us_new-york
noa.thomas@protonmail.com,https://www.welcometothejungle.com/fr/companies/multiverse/jobs/learning-and-development-lead-apprentice-managers_new-york
malone.rousseau@aol.com,https://www.welcometothejungle.com/fr/companies/multiverse/jobs/operations-lead-admissions_new-york
alicia.robert@gmx.com,https://www.welcometothejungle.com/fr/companies/multiverse/jobs/product-marketing-manager_new-york
roxane.blanc@protonmail.ch,https://www.welcometothejungle.com/fr/companies/multiverse/jobs/product-manager-new-york_new-york
diego.richard@gmx.com,https://www.welcometothejungle.com/fr/companies/multiverse/jobs/project-management-instructor-us-full-time-fully-remote_new-york
noam.guerin@gmx.us,https://www.welcometothejungle.com/fr/companies/multiverse/jobs/senior-learning-designer-new-york_new-york
livio.petit@yahoo.com,https://www.welcometothejungle.com/fr/companies/multiverse/jobs/senior-people-operations-manager_new-york
lise.muller@gmx.com,https://www.welcometothejungle.com/fr/companies/multiverse/jobs/senior-product-designer-client-experience-us_new-york
charlie.durand@outlook.com,https://www.welcometothejungle.com/fr/companies/multiverse/jobs/senior-product-manager_new-york
charly.henry@protonmail.ch,https://www.welcometothejungle.com/fr/companies/multiverse/jobs/software-engineering-instructor-us-full-time-fully-remote_new-york
lily.leroy@protonmail.ch,https://www.welcometothejungle.com/fr/companies/multiverse/jobs/talent-partner-ny_new-york
basile.roussel@yahoo.com,https://www.welcometothejungle.com/fr/companies/multiverse/jobs/us-instructional-coach-team-lead_new-york
milan.moreau@gmx.us,https://www.welcometothejungle.com/fr/companies/yoobic/jobs/business-development-representative-bdr-new-york-or-remote-in-us_new-york
ilyes.nicolas@yandex.com,https://www.welcometothejungle.com/fr/companies/prevision-io/jobs/sales-engineer_new-york
leana.simon@icloud.com,https://www.welcometothejungle.com/fr/companies/sopra-steria/jobs/business-analyst-sap-aerospatial-toulouse-f-h_toulouse_SS_M1drdYN
maya.perrin@yahoo.com,https://www.welcometothejungle.com/fr/companies/iwd/jobs/customer-success-manager-intern_los-angeles_IWD_yjmYWK8
mathilde.laurent@icloud.com,https://www.welcometothejungle.com/fr/companies/iwd/jobs/customer-success-manager-intern_new-york_IWD_e8zq6R0
livia.morin@icloud.com,https://www.welcometothejungle.com/fr/companies/astree-software/jobs/business-developper-usa-h-f_chicago
valentine.lefebvre@aol.com,https://www.welcometothejungle.com/fr/companies/branded/jobs/community-manager-fresh-heritage_new-york
ali.mathieu@yandex.com,https://www.welcometothejungle.com/fr/companies/lisan-finance/jobs/financial-controller-consultant_new-york
anas.michel@icloud.com,https://www.welcometothejungle.com/fr/companies/multis/jobs/ops-and-banking-lead_san-francisco
anais.clement@yahoo.com,https://www.welcometothejungle.com/fr/companies/multis/jobs/customer-success_san-francisco
apolline.garcia@yandex.com,https://www.welcometothejungle.com/fr/companies/exotec-solutions/jobs/maintenance-engineer-vie-canada_atlanta
logan.gauthier@gmx.us,https://www.welcometothejungle.com/fr/companies/dna-script/jobs/field-service-engineer-west-coast_south-san-francisco
lila.david@protonmail.com,https://www.welcometothejungle.com/fr/companies/dna-script/jobs/field-service-engineer-south-west_south-san-francisco
thais.dumont@outlook.com,https://www.welcometothejungle.com/fr/companies/dna-script/jobs/field-service-engineer-mid-atlantic_south-san-francisco
assia.bertrand@zoho.com,https://www.welcometothejungle.com/fr/companies/dna-script/jobs/engineering-technician_south-san-francisco_DS_34mL5ay
mathys.lopez@icloud.com,https://www.welcometothejungle.com/fr/companies/avencore/jobs/management-consultant-m-w_new-york
ava.roux@outlook.com,https://www.welcometothejungle.com/fr/companies/dental-monitoring/jobs/product-manager_texas
heloise.fontaine@gmx.com,https://www.welcometothejungle.com/fr/companies/dental-monitoring/jobs/regional-sales-manager-northeast_texas
joy.vincent@protonmail.ch,https://www.welcometothejungle.com/fr/companies/dental-monitoring/jobs/inside-sales-specialist_texas
alessio.chevalier@outlook.com,https://www.welcometothejungle.com/fr/companies/dental-monitoring/jobs/event-specialist-usa-usa_texas
william.fournier@gmx.us,https://www.welcometothejungle.com/fr/companies/dental-monitoring/jobs/community-manager_texas
alma.robin@gmx.com,https://www.welcometothejungle.com/fr/companies/dental-monitoring/jobs/account-executive-washington-dc_texas
timothee.morel@protonmail.ch,https://www.welcometothejungle.com/fr/companies/dental-monitoring/jobs/account-executive-phoenix_texas
lilou.masson@yandex.com,https://www.welcometothejungle.com/fr/companies/dental-monitoring/jobs/account-executive-florida_texas
auguste.girard@gmx.com,https://www.welcometothejungle.com/fr/companies/dental-monitoring/jobs/account-executive-atlanta_texas
ayoub.sanchez@protonmail.ch,https://www.welcometothejungle.com/fr/companies/dailymotion/jobs/senior-business-data-analyst-d-f-m_new-york_DAILY_1ADjY30
adem.andre@gmail.com,https://www.welcometothejungle.com/fr/companies/apptweak/jobs/account-executive_san-francisco
maria.gerard@outlook.com,https://www.welcometothejungle.com/fr/companies/dna-script/jobs/global-marketing-manager-next-generation-sequencing_south-san-francisco
wassim.lefevre@icloud.com,https://www.welcometothejungle.com/fr/companies/branded/jobs/data-analyst-finance_paris
marin.nguyen@gmail.com,https://www.welcometothejungle.com/fr/companies/branded/jobs/senior-ux-ui-designer_new-york
youssef.mercier@hotmail.com,https://www.welcometothejungle.com/fr/companies/klaxoon/jobs/analyst-relations-manager_boston-or-home
charles.boyer@protonmail.com,https://www.welcometothejungle.com/fr/companies/dailymotion/jobs/director-of-sales-account-executive-m-f-d_chicago_DAILY_Jg97Qw4
constance.dupont@yandex.com,https://www.welcometothejungle.com/fr/companies/easymovie/jobs/global-sales-enablement-specialist-v-i-e_new-york
elise.denis@gmail.com,https://www.welcometothejungle.com/fr/companies/dna-script/jobs/customer-service-representative_south-san-francisco
ezio.lambert@gmx.us,https://www.welcometothejungle.com/fr/companies/frenchfounders/jobs/relationship-manager_new-york
kylian.lemaire@protonmail.ch,https://www.welcometothejungle.com/fr/companies/dna-script/jobs/hardware-support-engineer-m-f_south-san-francisco
milann.bonnet@gmx.com,https://www.welcometothejungle.com/fr/companies/branded/jobs/brand-director-supplements_new-york
celia.duval@gmail.com,https://www.welcometothejungle.com/fr/companies/dna-script/jobs/electrical-engineer-m-f_south-san-francisco
marie.francois@gmx.us,https://www.welcometothejungle.com/fr/companies/dailymotion/jobs/publisher-account-manager_new-york
adrien.joly@yahoo.com,https://www.welcometothejungle.com/fr/companies/easymile/jobs/deployment-engineer-lexington-ky-12-months_denver
ella.martinez@protonmail.ch,https://www.welcometothejungle.com/fr/companies/easymile/jobs/mechanical-engineer_denver
amelia.gautier@zoho.com,https://www.welcometothejungle.com/fr/companies/yoobic/jobs/pipeline-gbdr_new-york
issa.roger@gmx.us,https://www.welcometothejungle.com/fr/companies/sketchfab/jobs/marketplace-associate_paris
elsa.bourgeois@zoho.com,https://www.welcometothejungle.com/fr/companies/sketchfab/jobs/sales-development-representative_new-york
mahe.roche@gmx.com,https://www.welcometothejungle.com/fr/companies/sketchfab/jobs/customer-success-manager_new-york
matteo.renaud@protonmail.ch,https://www.welcometothejungle.com/fr/companies/sketchfab/jobs/business-development-intern_new-york
thiago.roy@outlook.com,https://www.welcometothejungle.com/fr/companies/sketchfab/jobs/account-executive_new-york
lisa.lemoine@icloud.com,https://www.welcometothejungle.com/fr/companies/easymile/jobs/deployment-engineer-washington-dc_denver
alexis.noel@yahoo.com,https://www.welcometothejungle.com/fr/companies/adore-me/jobs/purchasing-associate_new-york
romeo.picard@protonmail.ch,https://www.welcometothejungle.com/fr/companies/branded/jobs/tik-tok-editor_new-york
abel.meyer@aol.com,https://www.welcometothejungle.com/fr/companies/tissium/jobs/senior-product-manager-nerve-solutions_boston
aylan.gaillard@icloud.com,https://www.welcometothejungle.com/fr/companies/klaxoon/jobs/customer-support-representative_boston-massachussetts-usa
jean.lucas@gmx.com,https://www.welcometothejungle.com/fr/companies/branded/jobs/brand-manager_new-york
david.philippe@gmail.com,https://www.welcometothejungle.com/fr/companies/branded/jobs/social-media-and-influencer-manager_new-york
salome.meunier@zoho.com,https://www.welcometothejungle.com/fr/companies/cardiologs/jobs/clinical-program-manager-us_boston
emmy.leclercq@aol.com,https://www.welcometothejungle.com/fr/companies/dna-script/jobs/purchasing-manager-critical-items_south-san-francisco
albane.jean@gmail.com,https://www.welcometothejungle.com/fr/companies/dna-script/jobs/contract-commercial-counsel-m-f_south-san-francisco
esteban.lacroix@zoho.com,https://www.welcometothejungle.com/fr/companies/cardiologs/jobs/software-engineer-front-end-mobile_boston
soline.perez@yandex.com,https://www.welcometothejungle.com/fr/companies/cardiologs/jobs/software-engineer-full-stack_boston
antonin.fabre@protonmail.ch,https://www.welcometothejungle.com/fr/companies/branded/jobs/copywriter_new-york_BRAND_eXzg4xK
sandro.marchand@icloud.com,https://www.welcometothejungle.com/fr/companies/exotec-solutions/jobs/maintenance-technician-us_atlanta
hamza.dupuis@protonmail.ch,https://www.welcometothejungle.com/fr/companies/klaxoon/jobs/business-development-representative-bdr-remote_usa
lucien.dufour@gmx.us,https://www.welcometothejungle.com/fr/companies/yoobic/jobs/strategic-sales-director-new-york-or-remote_new-york
kenzo.olivier@hotmail.com,https://www.welcometothejungle.com/fr/companies/antea-group-france/jobs/technicien-prelevements-mesures-air-69-h-f_lyons
nora.blanchard@protonmail.com,https://www.welcometothejungle.com/fr/companies/yoobic/jobs/velocity-sales-executive_new-york
noham.rodriguez@aol.com,https://www.welcometothejungle.com/fr/companies/letsignit/jobs/sdr-sales-development-representative_seattle
younes.marie@hotmail.com,https://www.welcometothejungle.com/fr/companies/letsignit/jobs/inside-sales-mid-market_seattle
lorenzo.dasilva@outlook.com,https://www.welcometothejungle.com/fr/companies/fabernovel/jobs/project-analyst-in-san-francisco_san-francisco
melina.barbier@gmail.com,https://www.welcometothejungle.com/fr/companies/jus-mundi/jobs/general-counsel_paris
diane.hubert@yahoo.com,https://www.welcometothejungle.com/fr/companies/skeepers/jobs/account-executive-smb-us-f-h_boston
